load:['revolver', 'container ship', 'freight car', 'barrow', 'shopping cart', 'forklift', 'beach wagon', 'minivan', 'pickup', 'trailer truck', 'moving van', 'horse cart', 'oxcart', 'cannon', 'assault rifle', 'rifle', 'muzzle', 'dishwasher', 'reflex camera']
shoot:['revolver', 'soccer ball', 'pool table', 'bow', 'cannon', 'assault rifle', 'rifle', 'projectile', 'puck', 'basketball']
aim:['revolver', 'pool table', 'bow', 'cannon', 'assault rifle', 'rifle', 'projectile', 'muzzle']
clean:['revolver', 'toilet seat', 'plunger', 'paintbrush', 'hand blower', 'electric fan', 'oil filter', 'strainer', 'gas pump', 'pick', 'car mirror', 'spider web', 'espresso maker', 'microwave', 'waffle iron', 'vacuum', 'dishwasher', 'washer', 'coffeepot', 'brass', 'grille', 'sliding door', 'mountain tent', 'plate rack', 'pedestal', 'shower curtain', 'sandal', 'ashcan', 'plate', 'necklace', 'croquet ball', 'fur coat', 'running shoe', 'cocktail shaker', 'manhole cover', 'tub', 'tray', 'prayer rug', 'kimono', 'hot pot', 'whiskey jug', 'tile roof', 'lampshade', 'soup bowl', 'swab', 'bulletproof vest', 'birdhouse', 'bearskin', 'pencil sharpener', 'broom', 'abaya', 'space bar', 'military uniform', 'monitor', 'vase', 'paper towel', 'cowboy hat', 'bathtub', 'dome', 'wig', 'chain mail', 'theater curtain', 'window shade', 'window screen', 'mailbox', 'fire screen', 'sombrero', 'pickelhaube', 'fountain pen', 'bib', 'saltshaker', 'soap dispenser', 'velvet', 'doormat', 'lens cap', 'rubber eraser']
open:['umbrella', 'letter opener', 'corkscrew', 'can opener', 'combination lock', 'padlock', 'safe', 'beer bottle', 'pop bottle', 'shoji', 'envelope', 'theater curtain', 'packet', 'wallet', 'vault']
close:['umbrella', 'padlock', 'safety pin', 'shoji', 'theater curtain', 'wallet', 'vault']
dry:['umbrella', 'fig', 'hip', 'hand blower', 'washer', 'sweatshirt', 'brassiere', 'paper towel', 'coral fungus', 'bath towel', 'agaric', 'swimming trunks', 'gyromitra', 'bolete', 'bikini']
sail:['schooner', 'yawl', 'catamaran', 'trimaran', 'liner']
navigate:['schooner', 'yawl', 'catamaran', 'trimaran', 'container ship', 'submarine', 'half track', 'tank', 'bobsled', 'mountain bike', 'passenger car', 'motor scooter', 'electric locomotive', 'steam locomotive', 'amphibian', 'ambulance', 'beach wagon', 'cab', 'jeep', 'limousine', 'minivan', 'go-kart', 'golfcart', 'moped', 'snowplow', 'fire engine', 'police van', 'streetcar', 'snowmobile', 'tractor', 'tricycle', 'unicycle', 'horse cart', 'jinrikisha', 'oxcart', 'mouse', 'magnetic compass', 'hand-held computer', 'joystick', 'remote control', 'maze']
steer:['schooner', 'airship', 'gondola', 'speedboat', 'lifeboat', 'canoe', 'bobsled', 'dogsled', 'bicycle-built-for-two', 'model t', 'racer', 'sports car', 'go-kart', 'golfcart', 'snowmobile', 'paddle']
dock:['schooner', 'airship', 'space shuttle', 'fireboat', 'gondola', 'speedboat', 'yawl', 'catamaran', 'trimaran', 'container ship', 'liner', 'aircraft carrier', 'amphibian', 'pier', 'boathouse', 'dock']
pass:['soccer ball', 'puck', 'rugby ball', 'basketball', 'volleyball']
play:['accordion', 'grand piano', 'pool table', 'organ', 'upright', 'chime', 'drum', 'gong', 'maraca', 'marimba', 'steel drum', 'banjo', 'cello', 'violin', 'harp', 'acoustic guitar', 'electric guitar', 'cornet', 'french horn', 'trombone', 'harmonica', 'ocarina', 'panpipe', 'bassoon', 'oboe', 'sax', 'flute', 'sandbar', 'loudspeaker', 'slot', 'joystick', 'carousel', 'toyshop', 'brass', 'cassette', 'cassette player', 'volleyball', 'ballplayer', 'tennis ball', 'tape player', 'cd player']
fold:['accordion', 'folding chair', 'wardrobe', 'handkerchief', 'pajama', 'prayer rug', 'kimono', 'trench coat', 'sweatshirt', 'mosquito net', 'bath towel', 'gown', 'wallet', 'parachute', 'stretcher', 'quilt', 'sock', 'stole']
tune:['accordion', 'grand piano', 'organ', 'upright', 'chime', 'drum', 'gong', 'marimba', 'steel drum', 'banjo', 'cello', 'violin', 'harp', 'acoustic guitar', 'electric guitar', 'cornet', 'french horn', 'trombone', 'harmonica', 'ocarina', 'panpipe', 'bassoon', 'oboe', 'sax', 'flute', 'radio']
pedal:['grand piano', 'bicycle-built-for-two', 'mountain bike', 'tricycle', 'unicycle']
practice:['grand piano', 'organ', 'upright', 'drum', 'marimba', 'steel drum', 'banjo', 'cello', 'violin', 'harp', 'acoustic guitar', 'electric guitar', 'cornet', 'french horn', 'trombone', 'harmonica', 'ocarina', 'panpipe', 'bassoon', 'oboe', 'sax', 'flute', 'bow', 'balance beam', 'punching bag']
lift:['grand piano', 'forklift', 'tow truck', 'toilet seat', 'shovel', 'barbell', 'dumbbell']
type:['laptop', 'computer keyboard', 'typewriter keyboard', 'hand-held computer', 'space bar']
browse:['laptop', 'desktop computer', 'hand-held computer', 'web site', 'bookshop']
connect:['laptop', 'fire engine', 'streetcar', 'entertainment center', 'loudspeaker', 'microphone', 'screen', 'mouse', 'space heater', 'projector', 'computer keyboard', 'typewriter keyboard', 'cash machine', 'desktop computer', 'hand-held computer', 'printer', 'switch', 'hook', 'remote control', 'buckle', 'knot', 'chain', 'monitor']
contain:['laptop', 'barrow', 'shopping cart', 'file', 'espresso maker', 'caldron', 'coffeepot', 'teapot', 'plate', 'bucket', 'cup', 'bathtub', 'cellular telephone', 'packet', 'wallet', 'shopping basket', 'saltshaker', 'goblet', 'stretcher', 'water bottle', 'ipod', 'pitcher', 'coffee mug']
eat:['strawberry', 'dining table', 'granny smith', 'orange', 'fig', 'pineapple', 'banana', 'jackfruit', 'custard apple', 'pomegranate', 'restaurant', 'hotdog', 'burrito', 'pizza', 'ice cream', 'pretzel', 'cheeseburger', 'carbonara']
wash:['strawberry', 'paintbrush', 'dishwasher', 'washer', 'jean', 'pajama', 'dishrag', 'sweatshirt', 'hamper', 'apron', 'groom', 'mosquito net', 'cup', 'shower cap', 'mitten', 'brassiere', 'miniskirt', 'pillow', 'ladle', 'washbasin', 'bath towel', 'lab coat', 'measuring cup', 'goblet', 'water bottle', 'jersey', 'diaper', 'quilt', 'pitcher', 'sock', 'coffee mug']
plant:"['strawberry', 'acorn', 'daisy', ""yellow lady's slipper"", 'greenhouse']"
board:['airliner', 'liner', 'passenger car', 'pier', 'dock', 'trolleybus', 'bullet train', 'minibus', 'school bus']
maneuver:['warplane', 'half track', 'tank', 'forklift', 'wing']
float:['airship', 'balloon', 'gondola', 'amphibian', 'paddle', 'bubble']
tie:['balloon', 'knot', 'running shoe', 'bonnet', 'bow tie', 'apron', 'windsor tie', 'sarong']
launch:['space shuttle', 'lifeboat', 'aircraft carrier', 'submarine', 'missile', 'projectile', 'boathouse', 'dock', 'paddle']
extinguish:['fireboat', 'fire engine', 'candle', 'torch', 'matchstick']
ride:['gondola', 'bicycle-built-for-two', 'mountain bike', 'passenger car', 'motor scooter', 'beach wagon', 'cab', 'convertible', 'limousine', 'minivan', 'model t', 'sports car', 'golfcart', 'moped', 'streetcar', 'snowmobile', 'tricycle', 'unicycle', 'horse cart', 'jinrikisha', 'oxcart', 'carousel', 'swing', 'trolleybus', 'bullet train', 'minibus', 'school bus']
race:['speedboat', 'catamaran', 'trimaran', 'bobsled', 'racer', 'go-kart']
accelerate:['speedboat', 'bobsled', 'dogsled', 'motor scooter', 'convertible', 'racer', 'sports car', 'go-kart', 'golfcart', 'moped', 'snowmobile']
tow:['speedboat', 'wreck', 'jeep', 'pickup', 'tow truck', 'mobile home']
deploy:['lifeboat', 'aircraft carrier', 'tank', 'amphibian', 'parachute']
unload:['container ship', 'freight car', 'barrow', 'shopping cart', 'forklift', 'ambulance', 'beach wagon', 'minivan', 'pickup', 'trailer truck', 'moving van', 'horse cart', 'oxcart', 'dishwasher', 'dock']
haul:['container ship', 'pickup', 'tow truck', 'trailer truck', 'tractor', 'bucket']
inspect:['wreck', 'loupe', 'honeycomb', 'manhole cover', 'nipple']
remove:['wreck', 'snowplow', 'corkscrew', 'can opener', 'vacuum', 'chainlink fence', 'picket fence', 'worm fence', 'grille', 'beacon', 'shower curtain', 'sandal', 'manhole cover', 'knee pad', 'book jacket', 'ski mask', 'crash helmet', 'bottlecap', 'mask', 'football helmet', 'bathing cap', 'cloak', 'hoopskirt', 'bonnet', 'wig', 'window screen', 'pole', 'street sign', 'bell cote', 'windsor tie', 'overskirt', 'bib', 'breastplate', 'soap dispenser', 'band aid', 'gasmask', 'doormat', 'thatch']
transport:['half track', 'barrow', 'shopping cart', 'forklift', 'ambulance', 'garbage truck', 'pickup', 'tow truck', 'trailer truck', 'moving van', 'police van', 'streetcar', 'mobile home', 'folding chair', 'shovel', 'harvester', 'chest', 'drilling platform', 'hamper', 'milk can', 'barrel', 'stretcher']
drive:['half track', 'amphibian', 'convertible', 'jeep', 'model t', 'sports car', 'car wheel', 'steel arch bridge', 'viaduct']
repair:['half track', 'tank', 'organ', 'upright', 'power drill', 'screwdriver', 'boathouse', 'breakwater', 'chainlink fence', 'picket fence', 'worm fence', 'stone wall', 'sliding door', 'turnstile', 'mountain tent', 'scoreboard', 'honeycomb', 'beacon', 'sandal', 'necklace', 'fur coat', 'tile roof', 'pay-phone', 'space bar', 'traffic light', 'radio', 'bathtub', 'chain mail', 'cowboy boot', 'window screen', 'bell cote', 'dial telephone', 'thatch']
fire:['tank', 'cannon', 'assault rifle', 'rifle', 'projectile', 'muzzle']
brake:['bobsled', 'dogsled', 'bicycle-built-for-two', 'mountain bike', 'racer', 'go-kart']
balance:['bicycle-built-for-two', 'tricycle', 'unicycle', 'scale', 'car wheel']
stop:['passenger car', 'electric locomotive', 'steam locomotive', 'cab', 'streetcar', 'stopwatch', 'disk brake', 'trolleybus', 'bullet train', 'minibus', 'school bus']
store:"['barrow', 'shopping cart', 'bookcase', 'china cabinet', 'medicine chest', 'chiffonier', 'file', 'folding chair', 'desk', 'entertainment center', 'wardrobe', 'hip', 'rapeseed', 'desktop computer', 'hard disc', 'solar dish', 'refrigerator', 'barn', 'boathouse', 'lumbermill', 'coil', 'butcher shop', 'dock', 'plate rack', 'mashed potato', 'carton', 'safe', 'plate', 'necklace', 'croquet ball', 'fur coat', 'thimble', 'pajama', 'chest', 'tray', 'prayer rug', 'kimono', 'hot pot', 'whiskey jug', 'holster', 'water tower', 'scabbard', 'hay', 'water jug', 'wine bottle', 'binder', 'sweatshirt', 'hamper', 'pencil box', 'backpack', 'bearskin', 'mosquito net', 'mortarboard', 'polaroid camera', 'quill', 'cuirass', 'military uniform', 'lipstick', 'shower cap', 'mitten', 'french loaf', 'milk can', 'cowboy hat', ""carpenter's kit"", 'ladle', 'academic gown', 'crate', 'wig', 'pill bottle', 'chain mail', 'barrel', 'cowboy boot', 'gown', 'lab coat', 'sombrero', 'pickelhaube', 'rain barrel', 'measuring cup', 'stretcher', 'plastic bag', 'diaper', 'pitcher', 'lens cap']"
park:['motor scooter', 'beach wagon', 'convertible', 'jeep', 'limousine', 'minivan', 'model t', 'sports car', 'golfcart', 'moped', 'tow truck', 'trailer truck', 'recreational vehicle', 'snowmobile', 'mobile home', 'tricycle', 'unicycle', 'jinrikisha']
pull:['electric locomotive', 'steam locomotive', 'horse cart', 'jinrikisha', 'oxcart', 'hook', 'window shade']
collect:['garbage truck', 'radio telescope', 'harvester', 'solar dish', 'vacuum', 'apiary', 'tobacco shop', 'toyshop', 'ashcan', 'thimble', 'whiskey jug', 'bottlecap', 'teddy', 'pop bottle', 'beer glass', 'earthstar', 'rain barrel', 'comic book']
pack:['moving van', 'chiffonier', 'mountain tent', 'carton', 'chest', 'mailbag', 'backpack', 'crate', 'sarong', 'parachute', 'swimming trunks', 'bikini']
explore:['recreational vehicle', 'cliff', 'valley', 'alp', 'volcano', 'promontory', 'sandbar', 'coral reef', 'geyser', 'snorkel', 'web site', 'palace', 'monastery', 'planetarium', 'obelisk', 'totem pole', 'castle', 'toyshop', 'cliff dwelling', 'megalith', 'scuba diver']
carry:"['jinrikisha', 'torch', 'tray', 'shield', 'mailbag', 'water jug', 'bucket', 'hamper', 'pencil box', 'backpack', ""carpenter's kit"", 'wallet', 'purse', 'shopping basket', 'stretcher', 'water bottle', 'plastic bag']"
hold:['cradle', 'crib', 'maraca', 'cello', 'violin', 'harp', 'acoustic guitar', 'cornet', 'french horn', 'harmonica', 'ocarina', 'panpipe', 'bassoon', 'oboe', 'sax', 'flute', 'hair slide', 'safety pin', 'torch', 'tripod', 'bannister', 'holster', 'scabbard', 'vase', 'hair spray', 'pole', 'dumbbell']
drape:['four-poster', 'vestment', 'feather boa', 'cloak', 'hoopskirt', 'abaya', 'poncho', 'sarong', 'velvet', 'stole']
hang:['four-poster', 'wardrobe', 'gong', 'hook', 'nail', 'shower curtain', 'christmas stocking', 'trench coat', 'birdhouse', 'punching bag', 'mosquito net', 'bath towel', 'horizontal bar']
organize:['bookcase', 'china cabinet', 'medicine chest', 'chiffonier', 'file', 'desk', 'entertainment center', 'wardrobe', 'refrigerator', 'barn', 'coil', 'grocery store', 'yurt', 'plate rack', 'chest', 'binder', 'hamper', 'pencil box', 'backpack', 'purse']
display:"['bookcase', 'china cabinet', 'entertainment center', 'screen', 'analog clock', 'digital clock', 'wall clock', 'sundial', 'parking meter', 'digital watch', 'projector', ""jack-o'-lantern"", 'plate rack', 'pedestal', 'thimble', 'chest', 'whiskey jug', 'teddy', 'vestment', 'feather boa', 'shield', 'beer glass', 'cuirass', 'military uniform', 'monitor', 'oscilloscope', 'vase', 'pickelhaube']"
stack:['bookcase', 'chiffonier', 'folding chair', 'plate', 'tray', 'hay', 'soup bowl', 'cup', 'shopping basket']
protect:"['china cabinet', ""yellow lady's slipper"", 'sunglasses', 'sunglass', 'apiary', 'breakwater', 'knee pad', 'book jacket', 'ski mask', 'crash helmet', 'mask', 'football helmet', 'bathing cap', 'holster', 'shield', 'sunscreen', 'bulletproof vest', 'pencil box', 'apron', 'mosquito net', 'cuirass', 'shower cap', 'fire screen', 'bib', 'breastplate', 'band aid', 'gasmask', 'lens cap']"
lock:['medicine chest', 'combination lock', 'padlock', 'safe', 'chain', 'mailbox', 'vault']
light:"['table lamp', 'lighter', 'candle', ""jack-o'-lantern"", 'torch', 'beacon', 'stage', 'matchstick']"
label:['file', 'binder', 'pencil box', 'pill bottle', 'lab coat']
sit:['park bench', 'throne', 'rocking chair', 'studio couch', 'toilet seat']
relax:['park bench', 'rocking chair', 'lakeside', 'seashore', 'swing', 'patio', 'cinema', 'home theater', 'fountain']
read:['park bench', 'library', 'bookshop', 'menu', 'comic book', 'street sign']
view:['park bench', 'cliff', 'alp', 'volcano', 'promontory', 'screen', 'binoculars', 'loupe', 'car mirror']
cut:['barber chair', 'pineapple', 'jackfruit', 'hatchet', 'cleaver', 'letter opener', 'plane', 'lawn mower', 'chain saw', 'guillotine', 'rule', 'harvester', 'lumbermill', 'barbershop', 'butcher shop']
style:['barber chair', 'hair slide', 'barbershop', 'groom', 'poncho', 'hair spray', 'wig']
write:['desk', 'notebook', 'quill', 'ballpoint', 'fountain pen']
serve:['dining table', 'spatula', 'mashed potato', 'plate', 'tray', 'hot pot', 'trifle', 'meat loaf', 'hen-of-the-woods', 'guacamole', 'soup bowl', 'potpie', 'ping-pong ball', 'consomme', 'racket', 'french loaf', 'hotdog', 'ladle', 'volleyball', 'tennis ball']
gather:['dining table', 'acorn', 'hip', 'buckeye', 'harvester']
decorate:"['dining table', 'hair slide', 'candle', ""jack-o'-lantern"", 'maypole', 'altar', 'patio', 'confectionery', 'yurt', 'brass', 'shield', 'christmas stocking', 'stage', 'bonnet', 'lampshade', 'shoji', 'birdhouse', 'mortarboard', 'cowboy hat', 'window shade', 'fire screen', 'sombrero', 'pickelhaube']"
cook:['granny smith', 'jackfruit', 'hip', 'ear', 'rapeseed', 'corn', 'stove', 'microwave', 'dutch oven', 'rotisserie', 'waffle iron', 'crock pot', 'frying pan', 'wok', 'caldron', 'spatula', 'mashed potato', 'cardoon', 'hot pot', 'hen-of-the-woods', 'potpie', 'pot', 'hotdog', 'coral fungus', 'stinkhorn', 'agaric', 'wooden spoon', 'gyromitra', 'bolete', 'carbonara']
bake:['granny smith', 'fig', 'stove', 'dutch oven', 'waffle iron', 'bakery', 'zucchini', 'spaghetti squash', 'acorn squash', 'butternut squash', 'bagel', 'meat loaf', 'potpie', 'dough', 'french loaf', 'pizza', 'pretzel']
slice:['granny smith', 'orange', 'lemon', 'pineapple', 'banana', 'jackfruit', 'cleaver', 'letter opener', 'chain saw', 'guillotine', 'bell pepper', 'zucchini', 'cucumber', 'mushroom', 'bagel', 'golf ball', 'meat loaf', 'french loaf', 'pizza']
peel:['granny smith', 'orange', 'pineapple', 'banana', 'cucumber']
juice:['orange', 'lemon', 'pineapple', 'custard apple', 'pomegranate']
garnish:['lemon', 'pomegranate', 'trifle', 'eggnog', 'consomme']
blend:['banana', 'custard apple', 'paintbrush', 'meat loaf', 'face powder']
grow:"['acorn', 'daisy', ""yellow lady's slipper"", 'greenhouse', 'petri dish', 'earthstar', 'coral fungus', 'stinkhorn']"
roast:['acorn', 'ear', 'corn', 'buckeye', 'dutch oven', 'rotisserie', 'head cabbage', 'broccoli', 'cauliflower', 'spaghetti squash', 'acorn squash', 'butternut squash', 'artichoke', 'mushroom', 'hen-of-the-woods']
grind:['acorn', 'ear', 'rapeseed', 'corn', 'buckeye', 'mortar', 'espresso']
use:"['hip', 'buckeye', 'hatchet', 'cleaver', 'letter opener', 'corkscrew', 'can opener', 'oxygen mask', 'slide rule', 'desktop computer', 'hand-held computer', 'prayer rug', 'crutch', 'toilet tissue', ""carpenter's kit""]"
harvest:['ear', 'rapeseed', 'corn', 'harvester', 'thresher', 'apiary']
maintain:['organ', 'upright', 'lawn mower', 'oil filter', 'radiator', 'disk brake', 'barn', 'greenhouse', 'apiary', 'boathouse', 'yurt', 'breakwater', 'stone wall', 'sliding door', 'turnstile', 'scoreboard', 'honeycomb', 'pedestal', 'beacon', 'shower curtain', 'fur coat', 'tile roof', 'water tower', 'shoji', 'drilling platform', 'birdhouse']
assemble:"['chime', 'trifle', ""carpenter's kit"", 'jigsaw puzzle', 'cheeseburger']"
install:['chime', 'bannister', 'chainlink fence', 'picket fence', 'grille', 'sliding door', 'turnstile', 'scoreboard', 'plate rack', 'pedestal', 'beacon', 'safe', 'modem', 'tub', 'tile roof', 'traffic light', 'window screen', 'fire screen', 'pole', 'street sign', 'bell cote', 'thatch', 'flagpole']
strike:['gong', 'hammer', 'drumstick', 'stage', 'matchstick']
blow:['cornet', 'french horn', 'trombone', 'harmonica', 'ocarina', 'panpipe', 'flute', 'whistle', 'hand blower', 'bubble']
slide:['trombone', 'slide rule', 'puck', 'ski', 'shoji', 'ballplayer', 'clog']
admire:"[""yellow lady's slipper"", 'valley', 'promontory', 'geyser', 'triumphal arch', 'steel arch bridge', 'suspension bridge', 'viaduct', 'palace', 'church', 'mosque', 'stupa', 'cinema', 'obelisk', 'totem pole', 'castle', 'fountain', 'cliff dwelling', 'megalith']"
study:"[""yellow lady's slipper"", 'geyser', 'library', 'earthstar', 'coral fungus', 'stinkhorn', 'agaric']"
climb:['cliff', 'alp', 'volcano', 'dome', 'pole']
hike:['cliff', 'valley', 'alp', 'volcano', 'promontory']
photograph:['valley', 'alp', 'volcano', 'promontory', 'sandbar', 'coral reef', 'lakeside', 'seashore', 'geyser', 'triumphal arch', 'steel arch bridge', 'suspension bridge', 'viaduct', 'obelisk', 'totem pole', 'fountain', 'cliff dwelling', 'megalith', 'earthstar']
swim:['sandbar', 'coral reef', 'lakeside', 'seashore', 'snorkel', 'swimming trunks', 'bikini']
walk:['seashore', 'pier', 'steel arch bridge', 'suspension bridge', 'viaduct', 'crutch', 'clog']
observe:['geyser', 'binoculars', 'radio telescope', 'planetarium', 'petri dish', 'dome']
chop:['hatchet', 'cleaver', 'guillotine', 'bell pepper', 'head cabbage', 'cucumber']
sharpen:['hatchet', 'cleaver', 'letter opener', 'pencil sharpener', 'quill']
shape:"['plane', 'power drill', ""potter's wheel"", 'coil', 'rubber eraser']"
create:"['power drill', 'web site', ""potter's wheel"", ""jack-o'-lantern"", 'crossword puzzle', 'maze', 'bubble']"
hit:['hammer', 'croquet ball', 'golf ball', 'baseball', 'ping-pong ball', 'racket', 'ballplayer', 'tennis ball']
twist:['corkscrew', 'can opener', 'pinwheel', 'spindle', 'lipstick', 'pretzel']
loosen:['screwdriver', 'screw', 'chain', 'windsor tie', 'bolo tie']
adjust:['screwdriver', 'oxygen mask', 'electric fan', 'space heater', 'analog clock', 'digital clock', 'wall clock', 'sundial', 'digital watch', 'magnetic compass', 'binoculars', 'projector', 'sunglasses', 'loupe', 'cannon', 'assault rifle', 'rifle', 'projectile', 'computer keyboard', 'typewriter keyboard', 'lighter', 'joystick', 'switch', 'radiator', 'sunglass', 'car mirror', 'remote control', 'disk brake', 'buckle', 'seat belt', 'spotlight', 'neck brace', 'tripod', 'iron', 'toaster', 'knee pad', 'bulletproof vest', 'pencil sharpener', 'crutch', 'radio', 'monitor', 'brassiere', 'window shade', 'television', 'breastplate', 'gasmask']
turn:['plow', 'car wheel', 'paddlewheel', 'pinwheel', 'ski', 'rotisserie']
paint:['paintbrush', 'bannister', 'chainlink fence', 'picket fence', 'worm fence', 'croquet ball', 'pole']
cool:['hand blower', 'electric fan', 'radiator', 'refrigerator', 'chocolate sauce', 'beaker']
heat:['hand blower', 'space heater', 'stove', 'radiator', 'microwave', 'toaster', 'waffle iron', 'crock pot', 'frying pan', 'wok', 'caldron', 'consomme', 'chocolate sauce', 'beaker']
secure:['oxygen mask', 'buckle', 'hair slide', 'knot', 'combination lock', 'padlock', 'nail', 'safety pin', 'muzzle', 'seat belt', 'grille', 'turnstile', 'mountain tent', 'safe', 'manhole cover', 'vault']
record:['microphone', 'barometer', 'odometer', 'stopwatch', 'radio telescope', 'cassette', 'cassette player', 'tape player']
show:['screen', 'analog clock', 'digital clock', 'wall clock', 'sundial', 'digital watch', 'projector']
control:['mouse', 'space heater', 'joystick', 'switch', 'remote control', 'disk brake']
replace:['oil filter', 'bannister', 'picket fence', 'stone wall', 'grille', 'sliding door', 'scoreboard', 'shower curtain', 'sandal', 'ashcan', 'running shoe', 'manhole cover', 'modem', 'tub', 'tile roof', 'lampshade', 'pencil sharpener', 'space bar', 'radio', 'theater curtain', 'window shade', 'ballpoint', 'window screen', 'mailbox', 'fountain pen', 'doormat']
simmer:['stove', 'dutch oven', 'crock pot', 'caldron', 'hot pot', 'pot']
measure:['barometer', 'rule', 'odometer', 'scale', 'hourglass', 'parking meter', 'stopwatch', 'syringe', 'slide rule', 'oscilloscope', 'measuring cup', 'beaker']
draw:['rule', 'bow', 'notebook', 'holster', 'scabbard', 'theater curtain']
count:['odometer', 'hourglass', 'parking meter', 'abacus', 'piggy bank']
tell:['analog clock', 'digital clock', 'wall clock', 'sundial', 'digital watch']
watch:['hourglass', 'planetarium', 'cinema', 'home theater', 'fountain', 'television']
fill:['syringe', 'gas pump', 'coffeepot', 'teapot', 'tub', 'water tower', 'christmas stocking', 'beer glass', 'water jug', 'bucket', 'potpie', 'cup', 'vase', 'milk can', 'bathtub', 'pill bottle', 'washbasin', 'piggy bank', 'shopping basket', 'saltshaker', 'goblet', 'water bottle', 'pitcher', 'coffee mug']
dispose:['syringe', 'carton', 'ashcan', 'paper towel', 'diaper']
wear:['sunglasses', 'sunglass', 'neck brace', 'sandal', 'necklace', 'fur coat', 'thimble', 'pajama', 'running shoe', 'kimono', 'ski mask', 'crash helmet', 'mask', 'football helmet', 'bathing cap', 'vestment', 'suit', 'feather boa', 'cloak', 'hoopskirt', 'bonnet', 'bow tie', 'trench coat', 'bulletproof vest', 'sweatshirt', 'apron', 'backpack', 'bearskin', 'abaya', 'mortarboard', 'poncho', 'cuirass', 'military uniform', 'shower cap', 'mitten', 'brassiere', 'miniskirt', 'cowboy hat', 'academic gown', 'wig', 'chain mail', 'cowboy boot', 'gown', 'lab coat', 'sombrero', 'pickelhaube', 'windsor tie', 'overskirt', 'sarong', 'bolo tie', 'bib', 'swimming trunks', 'breastplate', 'jersey', 'velvet', 'gasmask', 'loafer', 'clog', 'bikini', 'sock', 'stole']
visit:['web site', 'palace', 'monastery', 'mosque', 'stupa', 'castle', 'prison', 'cliff dwelling']
spin:"['slot', 'car wheel', 'paddlewheel', 'pinwheel', ""potter's wheel"", 'carousel', 'spider web', 'washer', 'spindle', 'wool', 'ping-pong ball', 'racket']"
buy:['vending machine', 'grocery store', 'bakery', 'bookshop', 'butcher shop', 'confectionery', 'shoe shop', 'tobacco shop', 'toyshop', 'pillow', 'toilet tissue', 'comic book', 'purse', 'swimming trunks', 'jersey', 'jigsaw puzzle', 'diaper', 'ice lolly', 'loafer', 'pretzel', 'clog', 'bikini']
sew:['sewing machine', 'thimble', 'poncho', 'overskirt', 'velvet', 'quilt']
hem:['sewing machine', 'jean', 'handkerchief', 'miniskirt', 'academic gown', 'gown', 'overskirt']
embroider:['sewing machine', 'handkerchief', 'vestment', 'apron', 'abaya']
catch:['hook', 'mousetrap', 'spider web', 'baseball', 'ping-pong ball', 'rugby ball', 'ballplayer', 'tennis ball']
fasten:['hook', 'buckle', 'knot', 'nail', 'safety pin', 'screw', 'seat belt', 'cloak', 'bonnet', 'chain', 'bolo tie']
rotate:['car wheel', 'paddlewheel', 'pinwheel', 'carousel', 'spindle']
enjoy:['carousel', 'swing', 'pier', 'maypole', 'triumphal arch', 'patio', 'restaurant', 'cinema', 'home theater', 'confectionery', 'fountain']
roll:['reel', 'croquet ball', 'prayer rug', 'dough', 'burrito']
attach:['nail', 'safety pin', 'screw', 'holster', 'scabbard', 'rain barrel', 'lens cap']
support:['neck brace', 'tripod', 'bannister', 'pedestal', 'crutch', 'brassiere', 'parallel bars']
iron:['iron', 'jean', 'handkerchief', 'pajama', 'suit', 'miniskirt', 'gown', 'lab coat']
steam:['iron', 'espresso maker', 'broccoli', 'cauliflower', 'artichoke', 'cardoon', 'pot']
make:['espresso maker', 'waffle iron', 'coffeepot', 'teapot', 'guacamole', 'chain mail', 'barrel', 'espresso', 'quilt']
grill:['rotisserie', 'bell pepper', 'broccoli', 'zucchini', 'artichoke', 'mushroom', 'hotdog', 'cheeseburger']
saut√©:['frying pan', 'wok', 'bell pepper', 'broccoli', 'zucchini', 'spaghetti squash', 'acorn squash', 'butternut squash', 'artichoke', 'cardoon', 'mushroom', 'hen-of-the-woods', 'pot']
pour:['coffeepot', 'teapot', 'whiskey jug', 'beer bottle', 'pop bottle', 'red wine', 'water jug', 'eggnog', 'wine bottle', 'milk can', 'packet', 'measuring cup', 'chocolate sauce', 'pitcher', 'beaker']
stir:['spatula', 'eggnog', 'mixing bowl', 'ladle', 'wooden spoon']
pray:['altar', 'monastery', 'church', 'mosque', 'stupa']
marvel:['palace', 'planetarium', 'obelisk', 'totem pole', 'megalith']
learn:['monastery', 'library', 'mosque', 'planetarium', 'obelisk', 'totem pole', 'castle', 'bookshop', 'cliff dwelling', 'megalith']
wrap:['coil', 'feather boa', 'cloak', 'punching bag', 'burrito', 'bath towel', 'sarong', 'band aid', 'stole']
sell:['grocery store', 'bakery', 'bookshop', 'butcher shop', 'shoe shop', 'comic book', 'purse', 'jersey', 'ice lolly']
gift:['confectionery', 'tobacco shop', 'toyshop', 'fountain pen', 'purse']
polish:['brass', 'cocktail shaker', 'cuirass', 'cowboy boot', 'wooden spoon', 'loafer', 'clog']
reinforce:['breakwater', 'dam', 'chainlink fence', 'worm fence', 'stone wall', 'honeycomb']
stuff:['bell pepper', 'zucchini', 'spaghetti squash', 'acorn squash', 'butternut squash', 'artichoke', 'mushroom', 'envelope', 'burrito', 'sleeping bag']
recycle:['carton', 'beer bottle', 'bottlecap', 'pop bottle', 'pill bottle', 'plastic bag']
empty:['ashcan', 'christmas stocking', 'bucket', 'pencil sharpener', 'milk can']
mix:['cocktail shaker', 'guacamole', 'mortar', 'mixing bowl', 'dough', 'perfume', 'beaker', 'carbonara']
cover:['book jacket', 'ski mask', 'bathing cap', 'lampshade', 'dome', 'nipple', 'band aid', 'thatch']
design:['book jacket', 'menu', 'lampshade', 'abaya', 'maze']
drink:['beer bottle', 'pop bottle', 'cup', 'espresso', 'goblet', 'water bottle', 'coffee mug']
toss:['drumstick', 'mortarboard', 'rugby ball', 'pillow', 'matchstick', 'carbonara']
apply:['face powder', 'sunscreen', 'lipstick', 'perfume', 'lotion']
forage:['hen-of-the-woods', 'coral fungus', 'stinkhorn', 'agaric', 'gyromitra', 'bolete']
match:['bow tie', 'overskirt', 'bolo tie', 'loafer', 'sock', 'stole']
